date,actual_demand,predicted_demand,error,absolute_error
2025-03-26,12497,12837.0,-340.0,340.0
2025-03-27,12714,12497.0,217.0,217.0
2025-03-28,12272,12714.0,-442.0,442.0
2025-03-29,12648,12272.0,376.0,376.0
2025-03-30,12536,12648.0,-112.0,112.0
2025-03-31,13434,12536.0,898.0,898.0
2025-04-01,13542,13434.0,108.0,108.0
2025-04-02,13111,13542.0,-431.0,431.0
2025-04-03,12588,13111.0,-523.0,523.0
2025-04-04,12736,12588.0,148.0,148.0
2025-04-05,12772,12736.0,36.0,36.0
2025-04-06,13605,12772.0,833.0,833.0
2025-04-07,12938,13605.0,-667.0,667.0
2025-04-08,12846,12938.0,-92.0,92.0
2025-04-09,13039,12846.0,193.0,193.0
2025-04-10,13045,13039.0,6.0,6.0
2025-04-11,13664,13045.0,619.0,619.0
2025-04-12,13559,13664.0,-105.0,105.0
2025-04-13,12762,13559.0,-797.0,797.0
2025-04-14,13343,12762.0,581.0,581.0
2025-04-15,12810,13343.0,-533.0,533.0
2025-04-16,12664,12810.0,-146.0,146.0
2025-04-17,12922,12664.0,258.0,258.0
2025-04-18,13644,12922.0,722.0,722.0
2025-04-19,13484,13644.0,-160.0,160.0
2025-04-20,13637,13484.0,153.0,153.0
2025-04-21,13173,13637.0,-464.0,464.0
2025-04-22,13341,13173.0,168.0,168.0
2025-04-23,12903,13341.0,-438.0,438.0
2025-04-24,13129,12903.0,226.0,226.0
2025-04-25,12732,13129.0,-397.0,397.0
2025-04-26,13444,12732.0,712.0,712.0
2025-04-27,12903,13444.0,-541.0,541.0
2025-04-28,13137,12903.0,234.0,234.0
2025-04-29,13123,13137.0,-14.0,14.0
2025-04-30,13130,13123.0,7.0,7.0
2025-05-01,13396,13130.0,266.0,266.0
2025-05-02,13248,13396.0,-148.0,148.0
2025-05-03,13517,13248.0,269.0,269.0
2025-05-04,12705,13517.0,-812.0,812.0
2025-05-05,13559,12705.0,854.0,854.0
2025-05-06,14242,13559.0,683.0,683.0
2025-05-07,13043,14242.0,-1199.0,1199.0
2025-05-08,13140,13043.0,97.0,97.0
2025-05-09,12792,13140.0,-348.0,348.0
2025-05-10,12881,12792.0,89.0,89.0
2025-05-11,13398,12881.0,517.0,517.0
2025-05-12,13680,13398.0,282.0,282.0
2025-05-13,13420,13680.0,-260.0,260.0
2025-05-14,13439,13420.0,19.0,19.0
2025-05-15,12957,13439.0,-482.0,482.0
2025-05-16,12700,12957.0,-257.0,257.0
2025-05-17,13575,12700.0,875.0,875.0
2025-05-18,13149,13575.0,-426.0,426.0
2025-05-19,13291,13149.0,142.0,142.0
2025-05-20,13475,13291.0,184.0,184.0
2025-05-21,13283,13475.0,-192.0,192.0
2025-05-22,13248,13283.0,-35.0,35.0
2025-05-23,13094,13248.0,-154.0,154.0
2025-05-24,13459,13094.0,365.0,365.0
2025-05-25,13092,13459.0,-367.0,367.0
2025-05-26,13459,13092.0,367.0,367.0
2025-05-27,13167,13459.0,-292.0,292.0
2025-05-28,13199,13167.0,32.0,32.0
2025-05-29,13230,13199.0,31.0,31.0
2025-05-30,13742,13230.0,512.0,512.0
2025-05-31,13710,13742.0,-32.0,32.0
2025-06-01,13767,13710.0,57.0,57.0
2025-06-02,13806,13767.0,39.0,39.0
2025-06-03,14192,13806.0,386.0,386.0
2025-06-04,13937,14192.0,-255.0,255.0
2025-06-05,14079,13937.0,142.0,142.0
2025-06-06,13769,14079.0,-310.0,310.0
2025-06-07,13574,13769.0,-195.0,195.0
2025-06-08,13951,13574.0,377.0,377.0
2025-06-09,13786,13951.0,-165.0,165.0
2025-06-10,13625,13786.0,-161.0,161.0
2025-06-11,13565,13625.0,-60.0,60.0
2025-06-12,13760,13565.0,195.0,195.0
2025-06-13,14012,13760.0,252.0,252.0
2025-06-14,13864,14012.0,-148.0,148.0
2025-06-15,13732,13864.0,-132.0,132.0
2025-06-16,13774,13732.0,42.0,42.0
2025-06-17,13577,13774.0,-197.0,197.0
2025-06-18,13439,13577.0,-138.0,138.0
2025-06-19,13782,13439.0,343.0,343.0
2025-06-20,13914,13782.0,132.0,132.0
2025-06-21,13879,13914.0,-35.0,35.0
2025-06-22,13458,13879.0,-421.0,421.0
2025-06-23,13645,13458.0,187.0,187.0
2025-06-24,14084,13645.0,439.0,439.0
2025-06-25,14063,14084.0,-21.0,21.0
2025-06-26,13432,14063.0,-631.0,631.0
2025-06-27,13616,13432.0,184.0,184.0
2025-06-28,13781,13616.0,165.0,165.0
2025-06-29,13958,13781.0,177.0,177.0
2025-06-30,13598,13958.0,-360.0,360.0
2025-07-01,12980,13598.0,-618.0,618.0
2025-07-02,12651,12980.0,-329.0,329.0
2025-07-03,12902,12651.0,251.0,251.0
2025-07-04,12991,12902.0,89.0,89.0
2025-07-05,12217,12991.0,-774.0,774.0
2025-07-06,12428,12217.0,211.0,211.0
2025-07-07,12578,12428.0,150.0,150.0
2025-07-08,12808,12578.0,230.0,230.0
2025-07-09,12578,12808.0,-230.0,230.0
2025-07-10,12611,12578.0,33.0,33.0
2025-07-11,12885,12611.0,274.0,274.0
2025-07-12,13293,12885.0,408.0,408.0
2025-07-13,12335,13293.0,-958.0,958.0
2025-07-14,12515,12335.0,180.0,180.0
2025-07-15,13068,12515.0,553.0,553.0
2025-07-16,12608,13068.0,-460.0,460.0
2025-07-17,12938,12608.0,330.0,330.0
2025-07-18,12915,12938.0,-23.0,23.0
2025-07-19,12901,12915.0,-14.0,14.0
2025-07-20,12556,12901.0,-345.0,345.0
2025-07-21,12282,12556.0,-274.0,274.0
2025-07-22,12812,12282.0,530.0,530.0
2025-07-23,12342,12812.0,-470.0,470.0
2025-07-24,12624,12342.0,282.0,282.0
2025-07-25,12137,12624.0,-487.0,487.0
2025-07-26,12780,12137.0,643.0,643.0
2025-07-27,12467,12780.0,-313.0,313.0
2025-07-28,13136,12467.0,669.0,669.0
2025-07-29,12495,13136.0,-641.0,641.0
2025-07-30,13127,12495.0,632.0,632.0
2025-07-31,12277,13127.0,-850.0,850.0
2025-08-01,13752,12277.0,1475.0,1475.0
2025-08-02,14145,13752.0,393.0,393.0
2025-08-03,13669,14145.0,-476.0,476.0
2025-08-04,13752,13669.0,83.0,83.0
2025-08-05,14015,13752.0,263.0,263.0
2025-08-06,13634,14015.0,-381.0,381.0
2025-08-07,14007,13634.0,373.0,373.0
2025-08-08,13975,14007.0,-32.0,32.0
2025-08-09,13695,13975.0,-280.0,280.0
2025-08-10,14362,13695.0,667.0,667.0
2025-08-11,14117,14362.0,-245.0,245.0
2025-08-12,13791,14117.0,-326.0,326.0
2025-08-13,13741,13791.0,-50.0,50.0
2025-08-14,13967,13741.0,226.0,226.0
2025-08-15,14033,13967.0,66.0,66.0
2025-08-16,13754,14033.0,-279.0,279.0
2025-08-17,13257,13754.0,-497.0,497.0
2025-08-18,13942,13257.0,685.0,685.0
2025-08-19,14003,13942.0,61.0,61.0
2025-08-20,14460,14003.0,457.0,457.0
2025-08-21,13776,14460.0,-684.0,684.0
2025-08-22,14000,13776.0,224.0,224.0
2025-08-23,13864,14000.0,-136.0,136.0
2025-08-24,14116,13864.0,252.0,252.0
2025-08-25,14024,14116.0,-92.0,92.0
2025-08-26,13902,14024.0,-122.0,122.0
2025-08-27,13955,13902.0,53.0,53.0
2025-08-28,13851,13955.0,-104.0,104.0
2025-08-29,13959,13851.0,108.0,108.0
2025-08-30,14063,13959.0,104.0,104.0
2025-08-31,14327,14063.0,264.0,264.0
2025-09-01,14545,14327.0,218.0,218.0
2025-09-02,14244,14545.0,-301.0,301.0
2025-09-03,14458,14244.0,214.0,214.0
2025-09-04,14408,14458.0,-50.0,50.0
2025-09-05,15142,14408.0,734.0,734.0
2025-09-06,14211,15142.0,-931.0,931.0
2025-09-07,14003,14211.0,-208.0,208.0
2025-09-08,14679,14003.0,676.0,676.0
2025-09-09,14423,14679.0,-256.0,256.0
2025-09-10,15120,14423.0,697.0,697.0
2025-09-11,14588,15120.0,-532.0,532.0
2025-09-12,15124,14588.0,536.0,536.0
2025-09-13,14538,15124.0,-586.0,586.0
2025-09-14,14532,14538.0,-6.0,6.0
2025-09-15,15100,14532.0,568.0,568.0
2025-09-16,14679,15100.0,-421.0,421.0
2025-09-17,14139,14679.0,-540.0,540.0
2025-09-18,14876,14139.0,737.0,737.0
2025-09-19,13922,14876.0,-954.0,954.0
2025-09-20,14579,13922.0,657.0,657.0
2025-09-21,14785,14579.0,206.0,206.0
2025-09-22,14088,14785.0,-697.0,697.0
2025-09-23,14557,14088.0,469.0,469.0
2025-09-24,14251,14557.0,-306.0,306.0
2025-09-25,14884,14251.0,633.0,633.0
2025-09-26,14176,14884.0,-708.0,708.0
2025-09-27,14255,14176.0,79.0,79.0
2025-09-28,14284,14255.0,29.0,29.0
2025-09-29,14398,14284.0,114.0,114.0
2025-09-30,14498,14398.0,100.0,100.0
2025-10-01,13753,14498.0,-745.0,745.0
2025-10-02,13736,13753.0,-17.0,17.0
2025-10-03,14152,13736.0,416.0,416.0
2025-10-04,13460,14152.0,-692.0,692.0
2025-10-05,14038,13460.0,578.0,578.0
2025-10-06,14081,14038.0,43.0,43.0
2025-10-07,14594,14081.0,513.0,513.0
2025-10-08,14317,14594.0,-277.0,277.0
2025-10-09,13802,14317.0,-515.0,515.0
2025-10-10,13703,13802.0,-99.0,99.0
2025-10-11,13866,13703.0,163.0,163.0
2025-10-12,14134,13866.0,268.0,268.0
2025-10-13,13708,14134.0,-426.0,426.0
2025-10-14,14502,13708.0,794.0,794.0
2025-10-15,13690,14502.0,-812.0,812.0
2025-10-16,14118,13690.0,428.0,428.0
2025-10-17,13175,14118.0,-943.0,943.0
2025-10-18,14065,13175.0,890.0,890.0
2025-10-19,13862,14065.0,-203.0,203.0
2025-10-20,14029,13862.0,167.0,167.0
2025-10-21,13443,14029.0,-586.0,586.0
2025-10-22,13432,13443.0,-11.0,11.0
2025-10-23,13431,13432.0,-1.0,1.0
2025-10-24,13644,13431.0,213.0,213.0
2025-10-25,13484,13644.0,-160.0,160.0
2025-10-26,13811,13484.0,327.0,327.0
2025-10-27,13451,13811.0,-360.0,360.0
2025-10-28,13536,13451.0,85.0,85.0
2025-10-29,13495,13536.0,-41.0,41.0
2025-10-30,13893,13495.0,398.0,398.0
2025-10-31,13801,13893.0,-92.0,92.0
2025-11-01,17062,13801.0,3261.0,3261.0
2025-11-02,15940,17062.0,-1122.0,1122.0
2025-11-03,16313,15940.0,373.0,373.0
2025-11-04,16371,16313.0,58.0,58.0
2025-11-05,16650,16371.0,279.0,279.0
2025-11-06,16124,16650.0,-526.0,526.0
2025-11-07,16169,16124.0,45.0,45.0
2025-11-08,16774,16169.0,605.0,605.0
2025-11-09,16087,16774.0,-687.0,687.0
2025-11-10,16713,16087.0,626.0,626.0
2025-11-11,16259,16713.0,-454.0,454.0
2025-11-12,16533,16259.0,274.0,274.0
2025-11-13,15879,16533.0,-654.0,654.0
2025-11-14,16107,15879.0,228.0,228.0
2025-11-15,16456,16107.0,349.0,349.0
2025-11-16,15511,16456.0,-945.0,945.0
2025-11-17,15702,15511.0,191.0,191.0
2025-11-18,16446,15702.0,744.0,744.0
2025-11-19,15885,16446.0,-561.0,561.0
2025-11-20,16494,15885.0,609.0,609.0
2025-11-21,16486,16494.0,-8.0,8.0
2025-11-22,16372,16486.0,-114.0,114.0
2025-11-23,15881,16372.0,-491.0,491.0
2025-11-24,16030,15881.0,149.0,149.0
2025-11-25,15908,16030.0,-122.0,122.0
2025-11-26,15725,15908.0,-183.0,183.0
2025-11-27,16314,15725.0,589.0,589.0
2025-11-28,16261,16314.0,-53.0,53.0
2025-11-29,16344,16261.0,83.0,83.0
2025-11-30,16219,16344.0,-125.0,125.0
2025-12-01,17491,16219.0,1272.0,1272.0
2025-12-02,17851,17491.0,360.0,360.0
2025-12-03,17666,17851.0,-185.0,185.0
2025-12-04,18464,17666.0,798.0,798.0
2025-12-05,17593,18464.0,-871.0,871.0
2025-12-06,18222,17593.0,629.0,629.0
2025-12-07,18338,18222.0,116.0,116.0
2025-12-08,17863,18338.0,-475.0,475.0
2025-12-09,17669,17863.0,-194.0,194.0
2025-12-10,17895,17669.0,226.0,226.0
2025-12-11,17274,17895.0,-621.0,621.0
2025-12-12,17930,17274.0,656.0,656.0
2025-12-13,18471,17930.0,541.0,541.0
2025-12-14,17756,18471.0,-715.0,715.0
2025-12-15,18318,17756.0,562.0,562.0
2025-12-16,17957,18318.0,-361.0,361.0
2025-12-17,18444,17957.0,487.0,487.0
2025-12-18,18026,18444.0,-418.0,418.0
2025-12-19,18516,18026.0,490.0,490.0
2025-12-20,18636,18516.0,120.0,120.0
2025-12-21,18536,18636.0,-100.0,100.0
2025-12-22,19088,18536.0,552.0,552.0
2025-12-23,18247,19088.0,-841.0,841.0
2025-12-24,18487,18247.0,240.0,240.0
2025-12-25,18047,18487.0,-440.0,440.0
2025-12-26,18024,18047.0,-23.0,23.0
2025-12-27,18070,18024.0,46.0,46.0
2025-12-28,18156,18070.0,86.0,86.0
2025-12-29,18719,18156.0,563.0,563.0
2025-12-30,18211,18719.0,-508.0,508.0
2025-12-31,18180,18211.0,-31.0,31.0
